,code,total_profit_rate
0,AAPL,0.004169590000000056
1,AMD,-0.01829614000000035
2,BABA,0.0009353100000002446
3,GOOGL,0.0013706799999995134
4,MSFT,0.00010339000000003651
5,NVDA,0.008213050000000166
6,PDD,0.012758860000000594
7,TSLA,0.007960700000000598
8,平均,0.0021519300000001074
