,code,total_profit_rate
0,AAPL,-0.0002493499999988158
1,AMD,-0.048578459999999324
2,BABA,-0.009484529999999824
3,GOOGL,-0.008494560000000595
4,MSFT,-0.011893490000000173
5,NVDA,0.014773030000001519
6,PDD,-0.022256110000000606
7,QQQ,-0.00035772999999961197
8,TSLA,-0.011258579999999907
9,平均,-0.010866642222221926
